Project_ID,Description,Type,Location,Site_Conditions,Square_Footage,Floors,Units,Foundation,Framing,Exterior_Finish,Roofing,HVAC,Plumbing,Electrical,Fire_Protection,Permitting_Fees,cost_estimation
1,2,3,1,10,47660,10,61,2,1,1,1,2,4,537,0,2463.1,99000
2,2,1,3,10,66544,2,44,3,1,1,3,2,3,499,1,3365.55,58000
3,2,3,3,8,45000,5,64,1,2,3,2,2,4,945,1,4005.02,87000
4,2,2,2,4,29038,1,60,3,3,3,3,2,2,612,1,2631.5,63000
5,2,2,5,4,28100,13,87,3,3,2,2,2,5,843,1,3795.82,126000
6,1,3,2,2,1742,8,76,2,3,2,3,2,2,828,1,4650.39,100000
7,2,1,4,3,71981,14,12,2,1,3,3,2,1,760,0,2699.16,54000
8,2,2,1,7,16704,7,67,2,2,3,2,1,6,667,1,3178.52,96000
9,2,2,5,8,23721,1,23,1,2,1,2,1,4,535,0,4063.18,34000
10,2,3,4,4,43730,2,71,1,1,2,3,2,4,883,0,1931.64,77000
11,1,2,3,3,76666,9,86,1,3,3,2,2,6,667,0,1913.02,113000
12,1,3,5,5,80827,3,59,2,1,2,1,1,4,486,1,2853.67,68000
13,1,3,5,2,1088,2,51,2,1,2,2,2,6,558,0,2223.42,57000
14,2,2,1,3,51748,12,6,3,1,3,1,1,3,975,1,4130.11,42000
15,1,3,5,9,70309,13,1,2,3,1,1,1,6,496,0,4447.83,48000
16,1,1,3,9,12249,14,59,3,1,2,2,2,3,160,0,911.44,109000
17,1,1,2,3,49275,13,10,3,3,2,3,2,3,718,1,1067.34,49000
18,1,2,3,3,10895,5,47,2,1,3,1,1,4,727,0,1281.38,62000
19,2,2,5,3,79276,7,71,3,3,2,3,1,5,822,1,4725.8,92000
20,1,3,3,3,83112,7,50,2,3,3,2,2,2,530,0,3500.69,71000
21,1,2,3,2,77467,3,80,2,3,3,2,1,2,310,0,3569.24,89000
22,2,2,4,4,76354,2,65,3,2,1,1,1,3,184,0,1866.47,71000
23,1,1,5,6,25428,14,13,3,3,1,1,2,1,735,0,1237.9,63000
24,1,1,3,7,53778,10,26,1,3,1,2,2,4,103,1,124.37,64000
25,1,2,4,9,47369,13,36,2,1,3,2,2,3,931,1,4078.52,83000
26,1,1,1,7,9777,3,76,2,2,1,3,2,4,180,0,3173.85,93000
27,2,2,2,7,37447,10,79,2,3,2,2,2,6,329,0,1940.59,117000
28,1,1,2,1,69663,2,48,2,3,1,2,1,1,640,1,321.83,54000
29,1,1,5,2,5446,9,93,1,2,2,1,1,2,187,1,3045.48,120000
30,2,2,2,1,1379,4,33,2,1,1,2,2,2,124,1,834.37,45000
31,1,1,2,3,1101,11,29,3,3,1,1,1,3,524,1,2983.96,62000
32,2,3,2,9,35416,13,94,3,1,3,2,2,1,334,1,2582.09,141000
33,2,3,1,8,60479,6,79,1,1,3,2,2,5,961,0,2155.47,105000
34,1,1,3,9,78942,13,43,2,2,3,1,2,4,110,1,1218.36,90000
35,1,2,3,4,73804,8,7,3,1,2,2,2,3,412,0,1032.85,31000
36,1,2,5,7,98075,9,65,1,2,2,3,1,1,350,0,1045.29,100000
37,2,2,4,7,66583,9,16,1,3,2,2,1,4,699,1,1621.15,51000
38,2,2,2,4,93052,5,42,1,2,1,3,2,6,170,1,1269.33,57000
39,2,1,2,9,94022,4,39,2,3,3,3,1,2,397,1,1773.83,59000
40,2,1,3,7,71407,13,58,1,2,2,2,1,6,358,1,3392.68,105000
41,2,3,5,3,46684,6,33,1,1,2,2,2,4,909,0,4145.99,51000
42,2,2,1,3,69503,9,59,2,3,3,1,1,5,754,0,2787.69,86000
43,2,3,2,3,66845,10,27,1,3,2,2,1,4,248,1,3457.14,57000
44,2,1,5,4,45571,11,44,3,1,2,2,2,4,806,1,425.25,77000
45,2,1,1,9,52305,9,100,3,2,1,3,1,2,432,0,3587.93,135000
46,2,2,1,7,24610,2,59,2,2,1,2,2,2,468,1,1967.49,73000
47,1,3,2,7,10916,11,38,3,2,3,2,1,5,489,1,2943.31,79000
48,1,2,5,4,32043,9,3,1,3,2,2,2,1,437,1,403.84,30000
49,1,3,3,8,97185,9,62,2,1,1,1,2,1,489,1,3829.31,97000
50,1,1,3,8,2884,15,66,1,2,1,2,2,2,443,1,1371.61,119000
51,2,1,3,5,53663,12,24,1,1,2,3,1,3,927,0,3685.92,60000
52,1,2,1,6,17561,13,45,3,1,3,1,2,1,566,1,184.91,92000
53,1,1,4,8,59116,6,4,1,2,2,2,1,1,814,0,1624.32,30000
54,1,2,2,8,9677,15,19,1,1,2,3,2,4,905,0,3606.03,72000
55,1,3,4,4,80522,15,37,3,2,1,1,2,6,704,1,1743.88,82000
56,1,2,4,9,63711,10,46,2,1,1,3,2,5,695,0,4645.1,84000
57,2,1,5,3,66506,7,44,3,1,2,2,2,4,162,0,1325.55,65000
58,2,3,2,7,56931,4,29,3,2,1,2,1,5,802,0,1877.79,49000
59,1,1,1,7,89856,9,41,1,3,1,3,2,1,800,1,2892.39,76000
60,2,3,4,9,35019,2,89,3,2,3,1,2,2,213,0,4630.29,103000
61,1,1,2,2,3526,7,49,3,1,1,2,2,5,273,0,2426.44,70000
62,1,2,4,10,62984,4,63,1,1,2,2,2,6,248,0,2830.97,83000
63,2,2,5,3,17064,5,16,2,2,2,3,2,3,206,0,3057.1,31000
64,2,3,2,6,89617,11,56,1,3,1,3,2,5,840,1,1602.13,97000
65,2,1,3,1,36173,13,69,2,3,1,1,1,1,155,0,2317.5,108000
66,2,2,1,6,76918,4,78,1,3,1,2,2,4,518,1,3660.04,98000
67,2,1,1,2,12613,10,32,2,1,2,2,1,3,838,0,2301.84,62000
68,2,2,4,10,46448,11,80,1,3,1,1,1,3,862,0,3765.81,121000
69,2,1,3,1,57173,4,5,3,1,2,3,2,2,289,1,1604.9,17000
70,1,3,2,7,34932,12,26,1,2,2,3,1,5,500,1,1356.97,70000
71,2,2,4,6,47719,7,30,3,2,3,2,2,5,670,0,1683.9,59000
72,2,2,5,10,95914,4,4,3,2,2,2,2,5,808,0,4096.42,24000
73,1,1,1,2,46845,12,19,3,3,3,2,2,2,349,1,1404.56,55000
74,2,1,3,5,70640,1,13,2,3,1,3,1,2,872,0,343.64,16000
75,1,2,4,1,4818,6,71,2,1,3,3,2,5,300,0,1696.15,89000
76,1,1,5,7,67544,7,98,3,3,1,2,2,3,259,0,3352.81,127000
77,2,3,4,8,25173,13,66,3,2,2,1,2,2,138,1,2710.09,113000
78,2,2,1,2,32398,9,47,2,2,2,2,1,3,363,1,2559.85,74000
79,2,2,1,3,28601,15,6,3,1,1,3,2,1,799,0,218.35,51000
80,2,3,1,6,31450,7,75,3,3,2,3,1,6,829,1,3073.22,104000
81,1,3,5,7,96367,6,9,2,2,3,1,1,6,723,0,4059.39,35000
82,1,3,2,3,64181,2,53,3,1,1,2,2,1,494,1,4248.21,59000
83,2,2,1,9,16339,10,85,2,3,2,1,2,4,718,0,2050.29,123000
84,2,2,1,5,75828,2,66,1,2,3,1,1,2,320,0,487.97,72000
85,1,2,1,7,49473,6,64,3,3,1,3,1,2,936,1,553.04,90000
86,1,2,4,2,75500,3,74,1,3,1,3,1,1,809,0,517.63,83000
87,2,3,1,5,17023,10,6,1,3,2,2,2,1,499,1,736.83,36000
88,1,1,4,3,69607,13,89,3,2,2,2,1,1,452,1,2038.33,128000
89,1,3,4,7,1130,8,7,2,2,2,1,2,1,875,0,3721.68,39000
90,2,3,1,1,41410,10,55,3,1,3,2,1,6,413,1,414.76,85000
91,1,3,5,9,85303,10,22,3,1,3,1,1,2,721,1,3451.58,60000
92,2,1,5,3,28037,13,11,1,1,1,3,1,2,739,0,1950.04,50000
93,1,3,2,7,68993,4,20,1,3,2,1,2,2,867,0,2815.36,40000
94,2,3,2,8,9982,2,83,1,1,1,1,2,3,328,1,3154.72,97000
95,2,2,4,8,43895,11,71,3,1,2,1,1,4,354,0,3549.53,112000
96,2,3,1,1,75152,13,85,3,3,3,2,2,5,692,1,2413.83,124000
97,1,1,2,5,77681,14,8,3,1,3,1,1,4,666,1,1129.27,50000
98,2,1,4,4,25474,15,1,2,1,2,2,1,4,732,0,4545.23,46000
99,2,3,4,3,25244,4,13,2,2,2,1,2,2,172,1,1103.04,25000
100,2,3,3,10,7635,6,31,2,1,2,2,2,1,321,1,1569.35,57000
101,1,3,4,3,44278,11,59,1,3,1,2,2,4,589,1,3410.41,92000
102,2,3,2,3,22838,1,8,3,3,2,2,2,4,909,0,3289.39,11000
103,2,3,3,2,60809,5,31,2,2,3,1,2,2,104,1,1847.96,46000
104,1,1,2,5,59811,9,35,1,2,1,3,1,5,214,0,1910.51,62000
105,2,2,1,1,8375,5,34,2,3,2,3,2,4,933,0,2001.2,49000
106,2,2,2,9,37057,11,67,1,2,2,2,1,3,302,1,1308.46,108000
107,1,3,3,5,7720,13,12,3,1,2,1,2,5,919,1,2190.44,51000
108,1,3,3,1,60239,8,93,3,1,2,1,1,4,751,1,1753.44,117000
109,1,2,5,7,1304,7,89,3,3,3,1,2,5,383,0,2371.54,118000
110,1,3,3,3,75884,15,53,3,1,1,3,1,5,996,0,1783.67,98000
111,1,1,5,8,58525,14,68,1,2,2,3,2,3,865,0,258.04,118000
112,2,1,4,7,73001,12,7,2,1,2,1,2,2,227,1,295.53,51000
113,2,3,5,1,39630,10,62,3,3,1,2,2,3,127,0,3676.21,92000
114,1,3,4,2,88040,12,49,1,2,3,3,2,3,305,0,2200.03,85000
115,1,2,1,2,64657,10,21,3,2,1,2,2,1,484,0,4974.23,51000
116,2,1,4,2,10145,2,59,1,1,2,2,1,1,309,0,537.96,65000
117,2,1,1,6,3111,8,79,3,2,1,1,2,4,851,0,3077.86,111000
118,2,2,5,9,60596,4,10,2,2,1,3,2,4,183,0,1945.91,30000
119,1,1,4,1,44995,5,45,2,1,2,1,1,3,123,0,4879.68,60000
120,2,3,3,7,70332,9,15,1,2,2,3,2,2,355,0,621.37,50000
121,2,1,3,6,63516,8,94,2,2,2,1,1,1,304,0,268.39,126000
122,2,2,1,8,78593,7,30,2,2,1,3,1,1,450,0,3788.8,59000
123,2,1,3,4,50434,8,91,1,2,2,1,2,6,159,1,4048.83,115000
124,1,1,3,7,45111,4,11,3,1,3,3,2,3,496,0,3640.21,31000
125,2,3,2,2,82546,13,51,3,2,1,2,2,6,474,0,2522.61,90000
126,2,3,5,3,17048,9,17,2,3,3,2,1,5,963,1,4497.64,44000
127,1,3,4,4,55824,15,90,3,3,3,3,1,1,306,1,1478.87,135000
128,2,1,4,5,99430,8,14,2,3,3,2,1,5,735,1,3346.08,38000
129,2,2,2,9,97810,8,20,1,2,1,3,2,3,905,1,3204.83,52000
130,1,2,1,2,26248,15,47,3,1,2,3,1,2,122,0,4073.28,92000
131,2,2,4,5,78060,10,34,1,2,1,2,2,4,808,1,3095.51,64000
132,2,2,5,2,50834,7,48,2,2,2,2,2,6,502,1,859.48,69000
133,2,3,5,8,76286,11,72,1,2,3,2,1,6,731,1,1175.31,113000
134,2,1,1,7,63593,8,56,2,2,3,3,2,1,168,0,505.91,88000
135,1,3,4,5,87829,10,61,2,3,2,1,1,6,548,0,4190.2,91000
136,1,1,2,9,83274,13,67,2,2,2,3,1,4,833,0,2900.45,114000
137,1,2,5,10,15251,14,47,1,2,3,2,1,2,790,0,1841.98,97000
138,1,2,5,2,17213,3,16,3,2,3,2,2,6,437,1,3243.9,25000
139,2,1,1,1,46159,7,14,3,3,3,3,2,6,453,1,1817.95,35000
140,1,1,2,9,83238,5,20,2,1,3,3,2,2,485,1,4934.51,43000
141,1,2,2,8,62195,14,93,1,2,1,1,2,5,230,1,3135.33,143000
142,1,3,3,3,67959,6,3,2,3,2,1,2,1,774,1,950.03,21000
143,2,2,5,2,85436,9,92,1,1,2,2,2,1,882,1,2567.26,119000
144,1,3,2,5,10161,14,87,3,3,3,2,1,4,261,1,2632.24,129000
145,2,3,3,4,96898,9,95,2,2,2,1,1,4,905,1,722.44,122000
146,2,1,3,4,27694,10,35,1,3,3,2,2,3,563,1,874.58,65000
147,2,1,1,1,57243,15,52,1,2,1,1,1,2,136,0,3424.1,97000
148,1,2,2,6,99856,9,90,1,1,2,3,2,6,635,0,155.61,125000
149,1,2,1,1,91872,8,38,3,2,3,1,1,3,656,1,2573.77,62000
150,1,3,5,4,86278,12,35,1,2,2,2,2,1,826,1,204.47,71000
151,2,2,5,8,16723,3,53,3,3,3,1,2,4,956,0,1472.38,70000
152,1,3,5,9,2229,5,61,2,3,1,2,1,6,420,0,1560.85,84000
153,2,1,3,7,62461,14,53,3,3,3,3,2,1,731,1,2167.32,103000
154,1,1,2,7,35666,5,29,3,2,3,1,2,6,370,0,2888.07,52000
155,2,1,4,7,44631,14,56,1,3,1,3,1,6,431,1,1906.17,106000
156,2,2,5,5,64296,7,57,3,1,3,2,2,4,420,0,3968.01,78000
157,2,1,4,9,69661,10,73,1,3,2,3,2,3,307,0,129.85,111000
158,1,3,5,6,66937,9,79,3,3,2,1,2,3,118,1,2634.2,114000
159,1,2,3,4,28910,2,87,3,2,2,1,2,4,308,0,2611.24,93000
160,1,2,1,1,75587,1,63,2,3,3,2,1,1,452,0,1424.69,66000
161,2,1,2,5,44393,6,32,1,1,3,2,1,6,165,1,3429.29,50000
162,2,1,4,2,74044,6,74,1,2,1,1,1,1,129,0,3746.01,92000
163,2,1,1,9,95326,15,25,2,3,2,3,1,5,705,0,3662.34,78000
164,1,3,4,6,7023,10,56,3,3,2,3,2,2,124,1,1703.01,94000
165,1,3,4,8,39597,10,2,1,1,1,3,2,5,764,0,3342.31,40000
166,1,2,2,8,55412,7,98,3,1,1,2,1,5,341,1,1635.85,127000
167,2,1,4,1,88918,5,86,3,2,1,3,2,2,903,1,2945.73,101000
168,1,1,3,1,88750,4,73,1,3,2,2,2,3,538,1,4222.1,85000
169,1,1,3,2,5675,4,74,3,1,3,1,2,1,696,1,2887.65,86000
170,1,2,3,2,12091,5,68,3,2,3,3,1,1,374,0,3857.18,83000
171,1,1,1,8,8544,7,95,1,3,1,2,1,5,879,0,1465.78,124000
172,1,2,2,2,16906,14,52,3,2,3,3,1,1,817,1,1603.87,94000
173,2,2,3,1,22330,12,77,1,2,1,1,1,4,805,1,1890.68,113000
174,1,1,5,8,31887,2,61,1,2,2,2,2,5,350,0,191.82,75000
175,1,2,5,5,94089,13,78,2,1,3,1,1,6,350,0,167.79,117000
176,2,1,3,4,82963,14,29,1,3,2,3,2,1,826,1,2037.61,71000
177,1,1,3,7,48396,9,50,1,2,2,1,1,1,245,0,1430.2,85000
178,2,1,4,8,86867,14,46,2,1,1,3,1,5,983,1,3707.99,96000
179,1,1,1,4,8394,15,74,2,2,3,1,1,6,492,0,3632.07,119000
180,1,3,2,8,74913,12,21,2,3,3,1,2,3,609,1,822.35,65000
181,1,2,4,7,29758,12,62,2,2,1,1,1,6,483,1,3860.76,106000
182,1,2,1,4,54580,11,58,2,3,3,2,1,1,390,1,1721.9,91000
183,2,1,3,5,69752,11,24,1,2,3,3,1,4,473,1,1616.97,57000
184,1,1,1,5,9687,6,40,1,3,2,2,2,4,157,0,2471.49,58000
185,1,3,1,9,13857,15,31,1,2,1,2,2,1,365,0,179.44,84000
186,1,2,1,6,77740,14,36,1,2,1,2,1,4,837,1,2842.58,86000
187,1,1,4,2,18197,13,48,2,1,3,3,2,6,859,0,3892.66,87000
188,2,1,4,5,44249,12,28,1,2,1,2,2,1,652,0,3735.05,64000
189,1,1,2,7,2930,3,13,2,3,2,2,1,4,318,0,1053.33,30000
190,2,2,2,4,49560,14,3,1,2,2,3,2,6,766,1,1755.52,45000
191,1,3,5,9,39472,1,62,3,1,2,3,1,3,446,0,4849.36,73000
192,2,2,2,4,13263,10,1,3,3,2,3,1,2,148,0,2806.61,31000
193,2,3,1,6,90867,12,6,1,3,1,1,1,1,126,1,1716.16,50000
194,2,2,5,7,46717,10,47,1,2,1,2,1,5,369,1,2688.25,85000
195,2,3,4,10,67078,13,63,1,2,3,1,1,6,281,0,3454.2,110000
196,2,1,3,8,62247,12,73,2,1,1,3,1,6,853,0,2354.43,117000
197,2,1,1,2,90792,10,100,1,1,3,1,1,4,855,0,3611.3,130000
198,1,3,5,5,66103,3,25,1,3,2,1,1,2,118,0,676.68,34000
199,2,2,5,2,59134,13,65,2,3,1,2,2,3,508,0,2941.21,104000
200,1,2,1,5,44598,6,85,2,1,3,2,1,5,908,1,2204.24,103000
201,2,1,5,4,12980,9,23,3,1,1,3,1,6,405,0,2944.44,50000
202,1,3,5,9,87277,3,35,2,2,1,3,1,1,113,0,3873.64,52000
203,2,3,2,2,45318,8,54,2,1,3,1,2,6,994,1,4410.4,78000
204,2,1,5,1,44952,7,69,2,1,1,3,1,2,887,1,3233.29,90000
205,1,2,2,3,66235,9,33,3,1,1,1,2,6,945,0,3520.46,60000
206,1,3,3,3,73706,13,48,3,3,3,2,1,4,774,0,153.54,87000
207,2,2,2,5,49038,3,48,1,1,2,3,1,3,877,0,1208.29,57000
208,2,3,5,6,1714,8,37,1,3,2,1,1,3,425,1,1040.07,69000
209,2,2,2,5,91649,14,36,2,1,1,2,1,5,110,0,4404.04,78000
210,2,3,4,10,40133,8,15,2,3,3,1,1,4,581,1,2211.93,47000
211,2,1,4,9,94684,5,98,1,1,1,2,2,3,891,1,484.23,121000
212,2,2,3,4,58562,3,50,1,3,3,3,1,2,855,1,2805.87,59000
213,1,2,4,10,65566,14,24,2,2,1,2,1,3,453,0,4870.03,74000
214,1,1,1,10,57782,6,38,1,3,3,1,1,5,769,1,3771.2,64000
215,1,2,5,9,58546,12,73,1,3,3,1,2,6,264,0,1348.14,117000
216,1,1,4,5,63834,13,10,2,1,2,2,1,6,607,0,1986.66,49000
217,1,2,5,5,11453,11,4,2,3,2,3,2,4,395,1,4818.12,37000
218,2,1,1,5,96707,7,90,3,2,2,3,1,5,417,0,735.94,111000
219,2,1,1,3,35429,15,44,2,2,3,3,1,6,388,0,4493.52,89000
220,2,2,5,2,7186,5,28,3,2,2,2,2,5,642,1,4648.31,43000
221,2,3,3,1,76230,3,27,3,2,1,2,2,2,809,0,3775.12,36000
222,2,3,2,8,68797,11,89,1,1,1,1,1,4,492,0,3858.01,130000
223,2,3,2,5,28979,15,31,3,3,1,1,2,5,691,0,2810.12,76000
224,1,2,4,4,13332,8,61,2,2,2,2,1,2,676,0,3912.96,85000
225,1,1,3,10,88625,12,47,1,3,1,1,1,4,981,1,192.61,91000
226,1,2,1,5,10418,14,94,2,1,2,1,1,4,623,0,1468.73,136000
227,2,1,1,1,13134,11,57,1,2,1,2,2,5,405,1,4383.54,90000
228,1,2,5,3,87560,8,70,2,3,3,2,1,4,929,0,3974.55,94000
229,2,1,3,1,68410,7,84,3,1,1,3,2,2,804,1,4073.3,105000
230,2,1,4,3,40569,13,70,1,1,1,1,2,1,486,1,3791.19,109000
231,2,2,2,3,78332,10,71,1,1,1,2,2,1,994,1,4331.84,101000
232,1,2,2,4,61615,4,82,1,3,3,3,2,1,477,1,256.01,94000
233,1,1,1,3,19198,4,82,2,3,3,3,1,5,636,0,2378.26,94000
234,2,2,1,5,19036,1,11,3,2,2,3,2,1,249,1,2213.46,14000
235,2,1,1,1,69808,1,22,2,2,3,2,2,2,366,0,3645.31,25000
236,1,2,3,1,22144,2,82,1,3,3,3,2,1,436,0,4330.97,88000
237,2,1,4,10,33129,2,1,2,1,2,2,1,2,507,1,2359.2,15000
238,1,1,5,7,66225,14,2,3,2,3,2,1,6,703,0,4335.79,52000
239,1,2,1,10,71592,3,45,1,3,1,2,1,6,815,0,2305.77,62000
240,1,3,5,10,92298,4,22,1,1,2,3,1,2,625,0,1267.05,42000
241,1,2,5,1,14504,3,8,1,3,1,1,1,5,987,0,4808.66,17000
242,2,1,2,10,16853,3,63,1,3,3,2,1,1,471,0,1954.45,80000
243,2,3,4,1,50375,13,78,3,1,2,2,1,2,880,1,4107.04,117000
244,1,2,2,1,77411,2,74,1,3,3,2,2,3,470,0,997.56,80000
245,1,3,1,7,23086,12,27,2,3,3,1,1,1,942,1,764.9,71000
246,1,2,1,1,78115,13,7,3,1,2,3,1,6,288,0,1232.01,46000
247,2,2,2,4,9672,2,1,1,2,3,3,2,5,549,1,3244.84,7000
248,2,2,1,3,76734,3,72,1,3,2,2,1,5,464,1,4711.93,81000
249,2,2,5,2,76973,12,45,1,2,3,2,1,2,709,1,1031.61,81000
250,2,1,1,8,4291,15,46,3,2,2,2,1,4,542,1,817.56,99000
251,1,1,2,10,32875,15,62,3,1,1,2,1,4,771,1,4948.15,115000
252,2,3,1,10,41008,15,96,2,1,2,1,1,5,303,1,3785.09,149000
253,1,1,1,8,23586,15,93,1,3,2,3,2,1,915,0,3276.93,146000
254,1,1,2,7,78997,15,19,2,3,2,1,1,5,899,1,3727.32,72000
255,2,2,2,9,79062,12,19,3,2,3,3,2,3,158,0,1207.67,63000
256,1,1,1,4,87342,12,21,2,2,2,1,2,6,676,0,535.55,57000
257,1,1,1,8,16133,6,72,3,3,1,3,1,2,446,1,2471.21,98000
258,1,3,1,10,93903,5,17,2,1,3,3,1,6,438,1,4183.76,40000
259,1,3,3,3,93365,10,50,2,2,1,3,1,3,905,1,2943.82,80000
260,1,1,4,6,11949,14,75,3,2,3,3,1,5,657,0,4643.2,125000
261,2,2,1,2,45184,5,55,3,2,3,1,1,4,136,0,4770.47,70000
262,1,2,3,5,26436,2,69,3,1,2,1,1,1,736,0,505.15,75000
263,1,1,1,2,90872,7,59,2,1,3,3,2,6,715,1,1652.32,80000
264,1,3,3,5,5320,13,4,1,2,3,2,2,5,438,0,4178.52,43000
265,2,2,4,6,51196,5,42,1,1,2,1,1,5,867,1,2829.08,65000
266,2,2,5,4,2721,8,35,3,1,2,3,2,3,754,0,220.41,59000
267,2,2,3,9,23262,13,62,1,2,2,1,1,3,997,1,552.02,109000
268,1,1,1,8,91225,3,5,3,1,3,3,2,3,509,1,1224.01,22000
269,2,2,2,6,27830,7,49,2,3,3,1,1,3,102,1,854.01,78000
270,1,3,5,2,71470,10,46,2,3,3,3,1,5,272,0,4837.0,76000
271,2,2,2,5,14233,5,97,2,2,1,1,2,4,471,0,3037.07,112000
272,1,3,1,10,8283,15,56,3,1,3,1,1,3,194,0,3208.01,109000
273,2,1,4,8,53591,9,95,2,3,3,2,2,2,709,1,2401.01,130000
274,2,1,5,2,41218,4,5,2,1,1,1,2,4,655,0,4718.67,17000
275,1,1,1,7,61959,5,27,3,1,2,2,1,2,268,0,2402.11,50000
276,2,3,2,3,68774,8,41,1,2,1,2,2,6,949,1,2573.11,65000
277,1,2,2,2,68868,5,26,1,2,3,1,2,6,232,0,2520.09,41000
278,1,3,4,9,78074,6,87,1,3,3,2,2,1,279,0,453.59,113000
279,1,1,2,9,27698,7,47,1,3,1,3,1,1,560,0,386.42,76000
280,1,3,3,10,60405,12,28,1,1,3,2,2,5,515,0,1984.95,72000
281,2,1,2,1,27383,2,53,1,2,1,1,1,3,344,0,4805.57,59000
282,2,2,1,6,85634,8,61,3,2,2,3,1,5,713,1,1525.95,93000
283,2,2,2,10,58142,6,61,1,3,1,1,2,2,501,0,3297.94,87000
284,1,3,2,7,90161,3,31,1,2,1,1,1,1,402,1,380.64,48000
285,2,3,3,8,7917,15,21,1,2,2,2,2,6,515,0,1378.15,74000
286,1,1,2,7,31490,8,26,2,3,2,3,1,2,983,0,1333.46,58000
287,1,2,4,10,38661,5,81,1,1,2,3,1,1,160,0,2167.41,104000
288,2,3,3,5,89821,8,61,3,1,2,3,1,1,240,1,4175.24,85000
289,1,3,4,8,26762,14,63,1,1,3,1,2,3,188,0,4335.25,113000
290,1,3,5,8,33638,11,25,3,3,2,2,1,3,589,1,1980.29,66000
291,2,1,4,7,69678,11,77,2,1,1,1,2,3,391,1,4849.94,118000
292,1,2,2,9,66148,4,35,2,3,1,1,1,4,974,1,3096.76,55000
293,1,3,2,10,26574,1,1,1,1,3,2,2,3,958,1,579.54,12000
294,1,1,2,7,35510,10,7,2,1,2,3,2,3,234,0,1041.61,45000
295,2,3,2,10,70853,12,63,3,3,2,3,1,3,303,0,4799.14,107000
296,2,1,1,3,62136,13,1,1,3,1,3,1,3,593,1,712.17,40000
297,1,1,5,5,14221,13,93,3,2,1,3,1,3,593,0,4299.91,132000
298,1,2,1,10,15723,7,94,1,2,1,1,1,3,419,0,4416.25,123000
299,2,1,4,10,65487,14,81,1,1,1,3,2,1,414,1,1391.11,131000
300,2,1,3,10,2120,9,90,3,2,2,3,2,5,884,0,4703.18,125000
301,2,1,1,10,23693,12,71,1,2,2,3,2,1,254,0,2267.24,115000
302,2,2,1,9,59631,9,38,2,3,1,3,1,1,597,0,2027.14,73000
303,2,2,3,7,93943,4,31,3,3,3,2,1,6,758,0,2374.1,51000
304,2,2,2,4,65308,15,63,3,2,1,2,1,4,594,0,608.28,108000
305,2,3,5,8,68347,11,35,3,2,1,1,2,3,886,0,4513.21,76000
306,2,1,5,3,90636,7,9,3,1,2,1,2,1,806,0,302.75,30000
307,2,1,3,1,47150,15,94,1,3,1,1,1,5,366,1,2103.03,139000
308,2,3,3,7,99376,1,91,2,3,2,1,2,2,642,0,2410.13,102000
309,1,3,5,6,60989,3,42,1,1,1,2,1,4,308,1,2047.46,59000
310,1,2,3,7,74038,3,6,2,1,2,1,2,5,233,1,2725.43,23000
311,1,3,2,2,84387,15,35,1,2,2,1,1,6,111,0,3360.38,80000
312,2,3,2,4,88227,4,81,3,3,3,1,1,5,816,1,4072.54,93000
313,1,2,2,6,40935,14,46,3,1,2,3,2,3,320,0,2919.92,96000
314,2,3,1,7,21106,12,84,2,2,2,1,1,5,715,1,3022.84,128000
315,1,3,5,7,87167,6,17,1,3,1,2,2,5,114,1,4365.66,43000
316,1,1,4,9,10195,8,66,2,3,1,1,2,3,267,1,2995.32,98000
317,2,1,4,9,38366,10,96,3,2,2,3,1,5,638,0,782.2,134000
318,2,2,2,7,85795,7,45,3,1,3,3,1,2,916,1,4600.5,74000
319,2,3,2,10,61523,2,51,2,3,1,2,1,2,462,1,1506.16,65000
320,2,3,5,2,2228,11,54,2,2,1,2,2,3,745,0,914.97,87000
321,2,2,3,4,71690,4,60,3,3,3,3,1,6,354,1,4676.75,72000
322,2,1,1,2,56995,4,94,3,1,1,3,1,2,878,1,319.97,106000
323,2,1,5,4,84467,7,8,2,2,2,1,2,4,442,1,4406.8,29000
324,1,1,3,3,49941,7,66,1,2,2,3,2,5,762,0,3460.09,87000
325,2,3,5,6,65245,3,48,2,3,3,1,2,5,568,1,3044.12,65000
326,2,1,4,1,42717,9,20,3,1,3,1,2,6,267,1,525.13,47000
327,1,1,3,3,68479,10,19,1,2,2,1,2,3,364,1,643.83,49000
328,1,1,4,10,97005,2,10,2,1,3,2,2,5,495,1,3964.41,24000
329,1,2,5,7,46369,6,45,3,2,1,1,1,5,667,1,4281.59,71000
330,2,1,5,3,43126,6,60,3,3,1,3,1,6,255,0,381.27,78000
331,2,2,4,4,4372,4,76,1,3,3,3,1,3,489,1,3174.03,88000
332,1,3,3,7,36810,12,33,1,3,3,3,2,4,181,1,4923.66,77000
333,1,3,4,5,80213,10,92,1,2,1,2,2,5,505,0,3228.48,122000
334,1,3,2,3,41682,9,98,2,3,3,2,1,5,475,0,3983.55,125000
335,2,2,3,8,36006,9,24,1,3,1,2,2,5,344,0,4084.18,59000
336,2,1,3,9,10255,11,81,2,2,2,1,1,5,245,1,2659.73,122000
337,2,2,3,7,17260,14,41,3,2,2,1,2,6,600,0,1067.78,91000
338,2,2,1,3,89782,5,35,1,3,1,3,1,1,555,0,4689.51,50000
339,2,3,2,4,63988,7,49,1,2,3,3,2,4,954,1,4603.28,70000
340,2,1,3,5,3714,4,14,1,3,1,3,1,1,423,1,2678.84,26000
341,2,2,4,10,74425,2,69,2,1,3,1,1,1,406,1,2298.74,83000
342,2,3,3,6,10957,1,84,2,2,3,2,2,3,826,0,1942.96,95000
343,1,3,4,2,97046,11,4,3,3,1,3,2,5,868,1,2588.85,37000
344,2,1,4,6,97033,9,61,2,1,3,1,2,4,557,1,872.59,96000
345,1,1,2,6,50596,3,1,1,2,2,1,1,6,804,1,2748.02,18000
346,1,2,1,10,64328,11,55,3,3,2,3,1,3,875,0,4339.87,96000
347,1,2,3,9,97467,10,3,3,2,1,1,1,5,450,0,2870.57,41000
348,1,1,5,8,99924,5,42,1,3,3,3,2,4,245,1,2376.02,65000
349,1,2,5,4,92465,15,72,2,1,2,3,2,2,402,0,754.5,117000
350,2,1,5,7,34049,11,6,2,1,2,3,2,5,880,1,1050.87,47000
351,2,1,2,6,94570,14,75,1,2,1,2,2,3,919,0,4067.46,125000
352,1,1,1,8,65326,7,64,3,1,1,1,2,4,290,0,4565.82,93000
353,1,1,1,7,31748,12,43,1,1,1,1,1,3,254,0,687.57,87000
354,1,1,2,5,25920,6,87,1,2,1,1,1,3,674,1,4378.84,105000
355,1,1,1,2,42890,11,59,3,3,3,2,2,2,840,1,3526.87,92000
356,2,1,2,1,3493,12,88,3,2,1,1,2,6,624,0,1477.84,124000
357,1,3,3,8,1014,11,33,2,1,1,2,2,4,832,1,895.89,74000
358,1,3,4,4,86136,12,79,3,3,3,3,2,5,613,0,962.52,115000
359,2,3,2,8,26822,10,97,2,1,1,1,1,1,358,0,3359.18,135000
360,2,3,2,8,64759,3,69,2,1,1,2,1,5,944,1,1308.27,86000
361,1,3,5,7,40230,7,8,3,2,1,3,2,4,393,0,2547.5,37000
362,1,1,3,4,70647,3,66,1,2,1,2,1,3,994,1,3331.54,75000
363,1,3,3,3,30819,13,64,3,2,3,2,2,4,415,0,1118.31,103000
364,1,1,2,4,41680,8,16,2,1,1,2,2,1,447,0,1918.84,40000
365,1,3,1,5,39571,11,27,3,1,1,1,2,2,654,1,4553.7,60000
366,1,3,5,10,82284,14,91,2,3,3,3,1,5,824,0,2416.67,141000
367,2,3,1,3,18644,11,69,3,1,2,2,2,3,334,0,2713.96,102000
368,2,2,1,10,25785,8,91,2,2,1,2,2,2,688,1,4924.97,123000
369,1,2,4,6,97992,2,90,3,2,1,3,2,1,703,0,766.3,104000
370,2,1,1,3,20912,4,100,1,1,3,3,1,5,378,1,405.22,112000
371,1,3,2,10,21404,13,20,2,3,2,3,1,3,147,0,4943.63,67000
372,1,1,3,6,78077,6,42,1,2,3,2,1,4,750,1,2545.08,68000
373,2,1,4,5,45925,2,64,2,3,3,2,1,5,559,0,1721.5,70000
374,2,1,4,4,93977,13,69,3,1,1,3,1,6,644,1,3490.99,108000
375,2,3,3,7,17569,1,74,2,2,1,3,1,4,102,1,732.73,85000
376,2,1,2,8,81846,11,77,2,2,3,1,2,4,426,1,3873.12,118000
377,2,2,4,9,12205,5,46,3,2,2,3,1,5,174,1,2628.63,69000
378,2,1,4,6,60019,5,14,3,2,3,1,2,1,521,0,3484.79,37000
379,2,3,1,7,79962,15,31,2,1,1,1,2,3,973,0,2301.42,84000
380,1,2,5,10,76214,7,83,3,1,2,2,1,1,832,0,2664.98,112000
381,2,2,4,5,35509,7,30,2,2,2,2,2,4,415,1,321.13,51000
382,1,3,4,10,13777,7,10,3,1,2,3,2,4,904,0,3132.32,39000
383,2,2,1,7,80907,15,44,1,1,1,1,2,2,369,0,735.06,97000
384,2,1,3,8,30963,4,16,1,3,1,1,2,2,501,0,3403.23,36000
385,2,3,3,1,49215,1,24,1,2,3,2,1,1,265,1,508.77,27000
386,1,1,2,3,19388,1,31,3,3,2,2,2,5,435,1,1698.05,34000
387,2,1,4,3,49459,8,33,3,1,2,1,2,6,673,1,335.75,57000
388,1,2,4,2,14548,14,15,1,2,2,3,1,4,863,1,101.98,57000
389,1,1,2,8,84812,5,4,2,3,3,3,2,6,742,0,3214.16,27000
390,1,1,3,9,6221,11,48,2,3,2,1,1,1,117,0,1139.89,89000
391,1,3,1,2,92195,2,75,3,1,3,3,2,5,118,0,3844.8,81000
392,2,1,5,1,62682,13,97,2,3,2,3,2,6,824,1,4340.27,136000
393,2,2,4,3,81868,15,89,3,2,2,2,2,4,605,1,3938.49,134000
394,1,1,5,2,42409,7,78,2,3,3,1,1,5,602,0,1411.05,99000
395,1,1,3,2,64706,12,23,1,3,1,2,2,4,374,1,1948.16,59000
396,1,1,5,2,96739,14,26,3,3,3,1,2,5,875,1,4713.16,68000
397,1,3,5,5,27865,1,46,3,3,1,3,1,4,269,0,1793.04,49000
398,2,1,3,6,21578,4,13,2,3,3,3,2,6,184,1,1997.37,33000
399,1,3,2,1,63602,2,24,1,1,1,1,2,5,428,0,1790.77,30000
400,1,1,1,3,34318,14,72,1,2,1,3,1,5,277,0,1703.98,114000
401,2,2,3,3,69751,6,83,3,1,1,1,2,6,361,1,3144.67,101000
402,2,2,2,7,65049,9,74,2,1,2,2,1,3,474,0,4301.18,109000
403,1,1,4,7,34710,15,64,3,2,2,3,1,2,886,1,964.66,117000
404,1,1,4,10,11898,7,75,1,1,2,3,1,5,946,1,3633.2,104000
405,2,1,3,5,74524,9,22,2,1,2,2,2,1,243,1,967.32,49000
406,1,2,1,1,38404,5,55,1,1,2,2,1,3,413,0,282.81,70000
407,2,2,5,9,83994,1,13,1,3,2,1,1,4,331,0,3337.01,24000
408,2,2,2,4,86917,4,88,2,3,2,3,2,1,466,0,1758.12,100000
409,1,1,3,1,37824,13,92,2,2,3,2,1,5,346,1,3608.8,131000
410,2,3,4,8,47426,15,82,3,2,1,2,1,2,495,1,4750.1,135000
411,1,1,2,1,38264,4,76,2,1,3,2,1,6,790,0,2051.27,88000
412,1,1,3,7,90406,5,69,2,2,2,1,2,1,810,1,493.69,92000
413,1,2,4,2,33782,13,5,2,1,3,2,2,2,982,0,4491.14,44000
414,2,2,1,8,18669,1,55,2,2,1,3,2,4,283,1,971.96,66000
415,1,3,5,2,37325,5,100,1,1,3,2,2,5,283,0,3909.64,115000
416,1,3,3,3,37953,4,8,3,1,1,1,2,4,650,1,4970.02,20000
417,1,2,4,10,83530,9,59,3,2,2,1,1,3,232,0,2544.63,94000
418,1,2,3,7,65177,14,5,1,1,1,1,2,3,241,1,2924.32,55000
419,1,3,1,6,23858,14,56,1,2,3,3,1,2,806,0,985.55,106000
420,1,1,3,9,35724,15,60,1,2,2,2,1,5,343,1,4908.18,113000
421,1,3,5,8,23968,5,55,2,1,2,2,2,1,708,1,283.77,78000
422,1,1,3,10,36844,1,8,1,3,1,1,1,4,430,1,4143.71,19000
423,2,2,1,9,63577,7,45,2,1,2,2,2,2,918,0,4533.62,74000
424,1,3,4,2,22030,10,61,2,1,3,3,1,6,188,1,4836.7,91000
425,1,3,5,7,86164,14,34,2,1,1,1,2,5,985,0,3494.18,84000
426,1,3,3,7,43949,4,27,1,1,3,2,1,3,960,1,1252.96,47000
427,1,3,3,2,52596,10,72,1,2,2,3,1,3,851,0,1826.69,102000
428,2,2,5,1,64524,14,39,3,3,2,1,1,6,388,0,4218.18,81000
429,1,2,2,8,96085,3,56,3,1,2,2,1,2,985,1,2371.01,73000
430,1,1,4,9,72477,2,22,3,2,1,3,2,1,437,0,417.38,36000
431,1,2,1,2,22863,10,36,1,3,3,1,1,1,327,1,531.32,66000
432,1,3,4,3,48723,8,74,1,1,2,2,1,6,158,0,3902.1,98000
433,2,2,1,4,97763,15,76,1,2,3,2,2,5,794,0,2038.02,121000
434,1,1,4,5,20805,8,16,2,3,2,2,1,4,196,1,186.53,40000
435,1,1,4,10,69247,3,86,2,1,1,2,1,2,184,1,1983.36,103000
436,1,3,3,10,75831,6,84,3,2,3,1,2,3,642,1,2445.08,110000
437,2,2,3,9,53919,10,53,3,2,1,3,1,2,220,0,4862.24,91000
438,1,2,2,8,20793,6,19,1,3,2,1,1,2,822,1,3397.55,45000
439,2,1,3,10,33015,7,42,1,3,3,1,2,3,952,1,1946.42,71000
440,2,2,2,3,71976,14,24,1,2,3,2,2,4,923,1,3983.67,66000
441,2,2,2,2,91675,4,15,3,2,3,1,2,3,366,1,1410.27,27000
442,1,3,2,4,36527,8,89,1,3,2,1,1,5,415,1,4529.72,113000
443,1,2,1,1,76933,6,91,2,3,2,1,2,1,233,1,2369.53,109000
444,1,1,3,9,32295,12,2,1,2,3,2,2,3,745,1,4282.34,46000
445,1,1,1,10,49352,1,51,2,3,1,3,2,5,842,1,1011.14,62000
446,2,2,4,8,97670,10,15,3,3,3,1,2,5,203,1,239.79,53000
447,2,2,2,2,96455,4,78,2,1,3,1,1,4,448,1,4327.72,90000
448,2,1,1,7,42457,8,16,1,3,2,1,2,2,636,0,2009.48,48000
449,2,1,3,10,57877,3,5,2,1,1,2,2,4,630,1,2272.75,22000
450,2,2,2,2,1800,13,38,2,2,3,1,2,2,137,1,2330.62,77000
451,2,2,3,6,20766,2,59,2,2,1,3,2,4,148,0,3555.72,73000
452,2,2,4,6,34612,10,40,2,2,3,3,1,3,348,0,2568.73,78000
453,2,3,2,4,80425,10,53,1,2,2,2,1,4,419,0,491.72,83000
454,2,3,4,4,13385,5,14,3,2,3,2,1,3,568,1,3035.97,29000
455,2,3,1,5,26284,12,31,1,3,2,3,2,6,978,1,720.79,67000
456,2,1,1,5,6301,8,56,1,3,2,2,1,2,248,1,496.69,80000
457,2,3,5,1,9572,14,38,1,1,1,3,2,3,357,1,4514.13,80000
458,1,1,4,4,2118,10,30,1,2,2,1,1,6,237,1,479.47,60000
459,2,2,2,9,91039,3,19,1,3,2,1,2,6,478,0,866.41,36000
460,2,2,1,8,15002,13,55,3,1,2,1,2,2,135,1,3139.88,102000
461,2,1,5,10,6332,13,18,1,3,2,1,2,6,808,1,2644.76,65000
462,2,1,5,1,21545,8,96,1,3,2,3,2,4,590,0,3347.91,120000
463,1,3,3,8,69505,10,1,3,3,1,2,1,5,558,1,1084.13,39000
464,1,1,1,3,21763,15,2,3,2,3,3,1,6,208,1,3833.37,47000
465,1,2,5,3,53127,3,26,3,3,1,3,1,5,632,1,3960.04,35000
466,1,3,3,3,3724,10,8,2,2,3,3,2,5,382,0,316.29,38000
467,2,3,1,6,8185,4,15,2,1,2,2,1,1,809,0,4950.59,35000
468,2,2,1,3,1886,4,26,1,1,2,1,1,6,317,1,3696.68,38000
469,2,3,5,2,1254,14,6,1,1,3,2,1,4,757,0,3981.74,48000
470,1,1,3,10,21519,13,16,3,2,2,2,1,1,137,0,1638.88,63000
471,2,2,1,3,17499,10,29,3,2,1,3,2,5,332,1,3163.88,59000
472,2,3,3,7,56952,6,53,3,1,2,2,1,6,427,0,4515.2,79000
473,2,2,1,6,2753,9,100,2,2,1,2,1,3,596,0,1051.4,135000
474,1,3,4,4,82752,11,68,1,1,1,3,1,5,406,1,4644.94,101000
475,1,2,1,6,9990,5,99,3,1,2,2,2,4,561,0,593.58,122000
476,1,1,5,6,77983,12,97,2,2,3,2,1,4,610,1,1580.11,141000
477,1,2,1,7,94523,2,43,1,3,3,1,2,2,501,1,1636.15,57000
478,2,3,3,10,75987,4,5,2,1,2,2,2,4,994,1,4019.74,25000
479,1,3,4,3,99249,3,42,3,3,2,2,2,6,186,1,2939.55,51000
480,1,1,1,4,38915,4,61,1,1,1,1,1,4,626,0,261.22,73000
481,2,2,3,1,24644,11,43,3,2,2,3,1,3,550,0,4595.62,76000
482,1,2,2,5,78811,4,72,1,1,2,2,2,1,604,0,1828.43,84000
483,2,1,4,4,88685,14,53,1,2,2,2,2,6,933,0,3720.29,95000
484,2,2,1,9,54030,4,13,1,1,2,3,2,4,884,1,3568.91,33000
485,1,2,4,7,22582,7,49,1,2,3,3,1,3,803,0,4434.25,78000
486,1,1,4,1,95762,15,74,3,1,3,2,2,2,945,0,4416.25,119000
487,1,1,5,8,78771,3,97,1,2,2,1,1,5,229,0,910.62,114000
488,2,1,4,2,21832,7,31,1,2,2,3,1,4,895,1,1897.19,52000
489,1,3,4,1,98787,9,4,3,1,1,2,2,4,184,0,4457.44,31000
490,2,3,3,2,37906,12,40,3,1,3,3,1,4,224,0,3580.11,76000
491,2,2,3,1,30699,11,89,2,3,2,3,2,1,624,0,560.84,122000
492,1,1,3,7,22470,2,61,1,3,2,3,2,4,975,1,1454.12,75000
493,1,2,1,6,61124,14,32,1,1,3,3,1,2,917,1,375.96,82000
494,2,3,1,1,76336,14,34,1,1,1,2,1,2,191,1,813.97,76000
495,2,3,4,9,64240,9,13,3,3,3,1,1,6,424,1,1663.46,48000
496,1,2,5,8,33018,7,90,1,2,2,2,2,2,153,0,3921.32,119000
497,1,1,3,7,76670,13,34,2,2,2,2,2,6,641,0,3269.63,81000
498,1,3,4,6,26405,3,95,3,2,3,1,2,3,362,1,4191.75,112000
499,1,2,5,6,35721,5,39,1,3,1,3,2,3,302,1,4264.41,62000
500,1,2,5,2,47320,4,49,2,1,3,3,2,3,681,0,2455.32,61000
501,2,2,4,1,53934,2,25,3,2,2,3,1,5,953,0,3688.13,31000
502,1,3,2,8,84629,5,96,2,2,2,3,2,3,967,0,1884.85,119000
503,2,3,4,3,39969,7,97,1,2,3,2,2,3,330,0,4193.82,118000
504,1,1,4,9,42718,10,100,1,1,1,2,2,2,770,0,3601.82,138000
505,2,2,2,8,28458,3,42,2,2,3,2,2,5,629,0,3911.05,59000
506,2,2,2,2,65380,13,5,1,3,2,2,1,1,919,1,964.39,44000
507,2,2,3,5,15364,1,56,2,1,2,3,2,3,337,0,2904.1,59000
508,2,1,4,9,64983,1,94,1,3,2,3,2,4,434,0,572.74,105000
509,2,1,4,9,19823,2,59,3,2,1,1,1,3,527,1,1403.95,73000
510,2,3,5,10,81251,5,50,1,3,3,1,1,1,251,0,1044.4,73000
511,1,1,3,1,4945,15,13,3,2,3,3,2,5,113,0,4362.97,58000
512,1,1,3,5,2911,8,91,3,1,2,2,2,4,318,0,3927.16,115000
513,2,1,5,9,1200,2,96,3,1,3,1,1,6,469,1,3438.49,110000
514,1,2,3,10,6822,8,2,3,2,3,2,1,3,289,0,2868.83,34000
515,1,1,4,1,10516,3,18,3,2,1,3,2,6,741,0,2649.01,27000
516,2,3,2,4,11082,9,73,1,1,2,1,1,2,343,1,1292.45,100000
517,1,2,4,1,11308,1,54,3,3,1,3,2,3,347,1,3244.75,57000
518,2,2,5,8,85980,5,69,3,2,2,2,1,5,121,0,1147.64,92000
519,2,1,5,4,65087,7,24,1,2,2,1,1,1,370,0,4222.22,45000
520,1,3,2,5,48876,9,98,1,3,2,2,2,1,510,1,1855.29,125000
521,1,3,2,7,80891,6,76,3,3,1,1,1,1,880,1,2586.33,102000
522,1,1,3,10,54913,7,49,2,3,2,2,1,5,996,0,4637.6,78000
523,1,2,2,6,91975,10,92,1,3,2,3,2,5,317,0,3476.08,130000
524,1,1,3,7,92781,1,19,3,1,3,3,1,6,509,0,2202.8,30000
525,1,1,5,9,3272,5,67,2,3,1,2,1,5,559,1,1108.12,90000
526,1,3,5,6,45576,9,33,1,3,1,2,2,1,317,0,2096.99,68000
527,1,1,2,8,87976,3,56,3,3,2,2,2,2,429,0,886.99,73000
528,2,2,1,4,34576,2,97,2,3,3,3,2,6,717,1,3359.51,103000
529,2,3,3,9,35489,14,35,3,1,3,2,1,2,392,1,2956.36,85000
530,2,3,1,6,78710,3,80,1,1,3,2,2,1,897,0,3207.12,97000
531,2,1,4,1,29325,1,47,3,3,2,1,1,2,485,1,4953.6,50000
532,2,1,1,9,72667,13,24,3,3,1,2,1,3,534,0,3963.88,71000
533,2,3,4,4,25908,5,48,3,1,2,2,2,5,366,0,3539.09,63000
534,1,3,1,9,8871,1,18,2,3,2,2,1,5,141,0,1207.0,29000
535,2,3,3,5,42161,9,69,3,1,1,2,2,1,503,1,322.62,96000
536,1,1,5,5,83859,4,45,1,2,2,3,1,6,202,0,3971.78,57000
537,1,1,1,9,51721,14,73,2,1,2,1,1,2,748,0,2794.57,123000
538,1,1,3,9,5393,2,97,1,3,2,2,1,6,917,0,3319.78,111000
539,2,3,2,3,99640,4,90,2,2,1,1,2,2,295,0,4631.56,102000
540,2,2,3,4,29511,2,26,3,2,3,3,2,2,647,1,4168.57,32000
541,2,3,3,4,46206,2,23,3,1,3,1,2,5,798,0,3475.26,29000
542,1,1,3,5,88084,14,18,2,1,3,1,1,3,875,1,3194.11,60000
543,2,1,4,7,90661,2,64,3,2,1,1,2,3,185,1,1124.9,78000
544,1,3,2,7,88885,11,2,3,3,2,1,2,3,405,1,3499.36,43000
545,2,3,3,9,42072,6,23,3,2,1,2,1,2,696,0,4141.35,49000
546,2,1,3,6,95282,12,88,3,3,1,2,1,6,286,0,3369.35,132000
547,2,3,1,4,17649,3,86,3,2,2,2,2,3,485,0,4372.89,95000
548,2,3,2,9,10070,4,7,3,1,1,1,2,1,933,0,1821.48,27000
549,2,2,5,6,74589,2,19,2,2,1,3,1,4,734,0,1424.35,33000
550,2,2,5,2,25320,5,39,1,2,1,2,2,4,279,1,3114.13,54000
551,1,3,4,6,52053,5,21,3,1,2,1,2,2,643,0,2068.68,44000
552,1,3,3,8,35560,15,36,3,1,2,3,1,1,563,0,1149.12,89000
553,1,3,2,3,76477,15,58,2,1,2,3,1,3,222,1,4710.35,103000
554,1,1,1,8,48422,15,51,1,1,1,1,2,3,148,1,3157.47,104000
555,1,1,2,5,10743,6,69,2,1,2,1,2,6,320,0,3994.08,87000
556,1,2,3,3,6848,4,97,1,3,3,3,1,4,691,0,808.82,109000
557,1,1,4,6,61306,10,54,1,1,2,2,2,5,631,1,4547.79,92000
558,2,2,3,3,39860,3,34,3,2,1,1,1,2,140,1,2986.58,43000
559,2,3,4,6,55037,2,11,1,1,3,1,2,2,633,0,619.85,25000
560,2,3,1,10,65086,15,57,2,3,1,2,2,1,987,0,3373.82,110000
561,2,1,2,1,50125,3,19,2,1,1,3,1,3,656,0,2184.53,28000
562,2,1,1,5,23593,11,89,2,3,1,2,2,3,497,1,2458.72,122000
563,2,2,2,8,97255,11,92,3,3,3,2,1,1,292,1,4780.87,133000
564,2,3,1,8,75664,9,94,2,1,3,2,1,2,746,0,3719.24,129000
565,1,2,5,7,27405,14,60,3,3,1,2,2,3,757,1,4899.13,110000
566,2,3,2,1,43974,9,28,2,2,1,2,2,6,404,1,3171.3,55000
567,2,3,5,3,62803,8,97,2,2,1,1,1,2,176,0,1057.31,121000
568,1,2,4,5,61439,7,21,1,1,2,2,1,3,337,1,3132.36,42000
569,1,3,1,1,72346,1,20,2,1,2,1,1,1,827,1,285.88,23000
570,2,1,5,10,21551,12,39,3,1,3,1,2,2,995,1,2756.34,83000
571,2,3,3,7,58391,14,93,2,1,3,2,2,5,291,0,4030.81,143000
572,1,3,2,3,42852,6,34,3,1,1,3,1,1,821,1,3356.62,52000
573,2,3,2,2,33285,14,38,3,2,1,1,1,6,939,0,2764.68,80000
574,2,2,2,10,40492,12,53,1,2,1,2,2,3,659,1,3939.17,97000
575,1,1,5,3,79065,9,73,1,1,3,1,1,2,170,0,4041.3,100000
576,1,2,2,4,26642,1,69,1,1,3,1,2,2,190,0,2336.3,72000
577,1,1,1,2,16610,2,58,3,2,1,2,2,5,179,0,1360.05,64000
578,1,1,3,5,23507,3,72,2,2,2,3,1,4,793,1,3287.48,81000
579,2,3,1,2,62139,6,1,2,1,1,1,1,1,516,1,2432.38,19000
580,1,3,2,4,41759,7,100,3,1,3,2,2,4,756,1,558.79,121000
581,1,2,2,5,7573,2,2,2,3,1,3,1,5,444,0,2827.61,8000
582,2,3,2,7,4501,10,68,1,1,1,3,1,5,725,0,1698.64,106000
583,2,1,5,4,31798,10,69,2,2,1,2,2,5,372,0,2363.05,99000
584,1,2,1,5,49322,3,48,3,1,1,1,2,2,255,0,2911.67,57000
585,2,2,1,7,69544,8,77,2,2,2,2,2,2,840,0,3243.13,109000
586,2,2,2,10,44789,5,85,1,1,1,2,1,3,496,0,3630.38,108000
587,1,2,3,1,96245,6,52,2,3,3,3,1,1,893,1,1362.74,70000
588,1,2,3,10,53115,3,27,1,2,3,2,1,4,515,1,2692.11,44000
589,2,3,3,3,89431,11,49,1,2,1,3,1,6,205,0,1700.68,82000
590,2,1,1,2,87349,15,50,3,1,1,3,2,6,621,0,3683.87,95000
591,1,3,4,3,80603,3,73,1,3,1,1,2,3,499,0,1370.66,82000
592,2,2,4,5,73854,10,14,3,1,2,1,2,5,254,1,248.36,44000
593,2,1,2,1,46494,12,41,2,2,1,1,1,1,880,1,3148.85,77000
594,1,3,4,3,81734,15,19,1,2,1,3,1,5,674,1,3728.02,64000
595,1,2,2,3,85431,9,94,1,2,1,2,1,3,717,1,4109.08,121000
596,2,1,5,1,49348,5,23,2,2,3,3,2,5,346,0,2850.4,38000
597,2,3,1,3,93638,14,96,3,2,3,3,2,6,715,1,4846.38,138000
598,2,2,2,1,68895,15,88,3,2,3,3,2,4,145,1,2960.47,133000
599,1,1,1,6,81573,10,34,2,1,2,3,1,5,241,1,4186.19,72000
600,1,3,2,2,7752,6,88,2,2,2,3,1,4,109,0,4769.13,106000
601,2,3,3,4,9970,10,85,1,3,1,2,2,6,677,1,1368.35,115000
602,2,2,1,4,45260,15,24,1,2,1,2,2,1,217,1,3382.81,69000
603,1,1,4,8,88832,8,48,1,1,2,1,1,1,299,1,2151.79,80000
604,2,2,3,8,39724,4,16,3,2,3,3,1,5,400,1,1628.25,36000
605,2,2,4,3,15603,15,52,3,2,2,1,2,2,378,1,1910.62,97000
606,1,1,5,8,43804,8,98,1,3,1,2,1,4,601,0,2027.12,130000
607,1,3,5,7,86279,8,61,3,2,2,3,1,4,589,1,996.21,93000
608,1,1,4,1,6123,6,61,2,3,1,1,1,1,462,1,3894.87,79000
609,2,3,1,10,71252,8,19,3,2,3,2,1,3,440,1,1728.29,51000
610,2,1,2,3,16712,4,26,1,3,2,3,1,1,286,1,2355.58,38000
611,2,3,5,7,71242,11,73,1,3,3,2,1,6,222,1,1706.48,114000
612,2,3,1,5,18844,9,76,2,3,3,2,2,5,707,0,1728.4,103000
613,1,1,1,5,89109,8,24,2,3,2,2,1,5,540,1,1888.68,48000
614,2,1,5,5,18683,6,57,3,2,2,3,1,2,740,1,529.52,75000
615,2,2,5,2,47042,10,46,3,2,2,2,2,1,882,0,1628.37,76000
616,1,2,5,8,16827,9,66,1,3,2,3,2,6,641,1,1223.19,101000
617,1,3,4,2,2796,1,88,1,1,1,1,1,5,417,0,541.02,91000
618,1,3,1,10,44485,4,97,3,2,2,1,2,6,476,1,4846.93,117000
619,1,1,5,8,63370,4,60,3,1,3,1,1,4,230,1,3277.77,80000
620,1,3,1,9,36961,12,71,3,1,3,1,2,6,159,1,2498.32,115000
621,2,3,3,6,48441,6,15,3,3,3,2,2,6,981,0,4115.77,41000
622,2,2,1,1,90539,2,85,2,2,1,1,2,6,153,0,2031.13,91000
623,2,3,5,9,79871,6,47,3,1,1,1,1,2,755,0,3660.49,73000
624,1,2,4,6,40324,1,43,1,2,1,1,1,1,579,0,3812.99,54000
625,1,2,5,3,96410,7,29,3,1,1,3,2,2,885,1,2316.61,50000
626,1,3,1,2,92482,9,60,1,3,2,3,1,4,260,1,2613.07,87000
627,2,1,1,9,79023,8,65,1,1,2,2,1,1,792,1,3918.75,97000
628,2,2,1,4,10456,12,6,1,1,1,2,2,3,875,1,3652.46,42000
629,2,3,2,8,87679,4,16,3,3,2,1,1,6,239,0,967.94,36000
630,2,1,4,1,32538,12,19,1,1,2,2,1,4,576,1,765.97,55000
631,1,3,1,2,97121,11,48,1,1,3,1,1,1,546,0,2025.47,81000
632,1,2,1,2,27811,1,80,3,3,3,1,2,1,965,1,2703.34,83000
633,2,2,5,10,18518,2,85,3,3,3,3,1,3,967,1,4823.35,99000
634,2,2,4,9,36395,11,18,2,2,3,3,2,5,186,0,3941.02,59000
635,1,2,3,9,71159,14,1,3,3,2,2,2,2,210,0,1766.51,51000
636,1,2,2,1,15676,7,33,1,1,2,1,1,1,260,1,3271.34,54000
637,2,1,2,3,33169,11,15,3,2,2,3,2,4,138,1,957.33,48000
638,1,3,2,4,67472,10,34,2,3,3,2,1,4,812,0,1688.71,64000
639,2,3,5,4,73040,13,72,1,1,1,3,1,4,598,0,1899.08,111000
640,2,1,1,8,64391,7,57,2,2,3,3,1,3,558,1,1599.12,86000
641,2,2,2,1,79279,10,97,1,3,1,2,2,5,652,0,448.91,127000
642,2,1,5,9,24991,3,23,3,1,2,3,1,2,372,1,455.95,40000
643,2,1,3,3,98519,9,37,2,1,2,1,2,5,407,0,3484.96,64000
644,2,2,4,9,13085,3,26,2,1,3,1,1,6,157,1,2143.75,43000
645,2,1,1,10,8917,3,71,2,3,1,1,2,5,476,1,3351.47,88000
646,1,1,5,4,88432,1,60,3,3,1,1,1,5,683,1,4852.95,63000
647,2,1,3,5,26032,7,47,1,1,1,1,2,1,806,0,4658.01,68000
648,2,1,4,5,77625,9,22,3,1,3,3,1,1,260,0,4539.32,49000
649,2,3,5,3,98496,2,81,1,2,2,2,2,2,777,0,3089.58,87000
650,2,1,1,2,71297,7,46,2,1,2,1,2,1,691,1,1445.54,67000
651,2,1,3,9,2877,5,78,1,2,3,3,1,5,753,1,4398.71,101000
652,1,2,1,6,98940,10,78,1,1,3,1,2,4,239,1,4730.13,116000
653,1,1,1,9,99303,6,59,3,1,1,3,1,4,889,1,1129.31,85000
654,2,3,4,8,15141,5,45,2,2,3,2,2,1,564,0,2108.43,68000
655,2,2,4,10,34626,4,79,3,3,1,1,1,6,123,1,4745.27,99000
656,1,3,1,10,99433,4,81,3,1,3,3,1,1,987,0,4561.86,101000
657,1,1,5,10,2283,10,34,2,1,1,3,2,2,123,0,534.45,72000
658,2,1,4,8,13759,13,43,1,3,1,3,1,2,815,1,1229.42,90000
659,1,1,1,2,84386,4,50,2,2,2,2,1,1,913,0,2921.39,62000
660,2,3,5,3,16137,14,78,3,3,3,3,2,5,786,1,1545.86,120000
661,1,1,3,7,50303,6,86,2,3,2,3,2,2,829,0,2305.84,112000
662,2,1,5,9,61158,4,100,3,2,1,2,2,2,933,1,4408.09,120000
663,1,2,2,10,86709,11,97,1,2,3,1,1,2,656,1,2667.84,138000
664,2,1,5,4,56294,14,31,1,3,2,2,2,1,188,0,674.78,73000
665,2,1,1,10,51306,1,53,3,3,3,3,1,3,941,1,2032.89,64000
666,1,2,4,7,63256,2,47,2,3,1,3,2,5,603,1,4720.2,61000
667,2,2,4,2,94197,3,14,1,2,2,3,2,1,501,1,1064.15,23000
668,1,1,1,10,64670,3,62,1,1,2,3,1,2,178,0,4675.68,79000
669,1,3,5,5,30131,3,96,2,1,2,2,1,5,441,1,4409.13,105000
670,2,2,4,2,80206,3,60,3,2,2,2,1,4,381,0,736.76,69000
671,1,3,2,8,75169,6,83,1,3,2,3,2,1,196,1,3714.92,109000
672,1,1,5,2,97469,15,15,1,2,2,2,2,6,929,0,3425.45,60000
673,1,3,4,5,2246,11,4,2,1,2,3,2,6,104,1,4958.63,37000
674,2,2,4,10,66880,15,93,3,2,2,3,2,2,164,0,724.16,146000
675,2,2,2,8,38821,11,77,3,1,2,1,2,5,714,0,2442.38,118000
676,2,2,1,4,88255,7,6,3,3,3,2,1,4,109,1,4484.37,27000
677,2,1,5,2,27936,11,55,1,3,1,3,2,5,546,0,2139.07,88000
678,2,1,3,6,73321,10,41,2,1,3,3,2,4,618,1,405.03,79000
679,1,2,3,8,47377,7,72,1,2,1,2,1,6,546,1,676.63,101000
680,2,3,3,5,1778,5,4,1,3,2,2,1,2,201,1,342.13,19000
681,1,1,5,6,94166,9,85,2,2,2,1,2,2,271,1,4496.63,120000
682,1,2,5,6,11757,10,44,1,2,3,3,2,1,531,0,2965.61,82000
683,2,2,1,4,19018,7,8,2,3,3,3,1,6,301,1,1127.18,29000
684,2,2,3,7,28872,6,8,1,1,1,2,2,2,527,1,2112.15,34000
685,2,3,2,5,26972,3,10,3,3,1,1,2,3,467,0,643.71,19000
686,2,2,4,3,6699,1,59,2,1,1,1,1,4,377,1,4090.84,62000
687,2,1,2,9,52847,6,97,3,2,2,1,1,3,662,1,2213.8,123000
688,1,2,5,1,58270,7,89,1,3,3,1,2,6,885,0,4941.22,110000
689,2,1,4,5,83753,9,71,3,3,3,2,1,3,381,0,3101.68,98000
690,2,1,4,8,87142,13,64,3,3,3,1,1,1,518,0,4819.78,111000
691,2,1,3,1,74401,8,45,3,1,2,1,1,5,920,0,3845.68,69000
692,2,1,2,3,73455,12,41,1,1,3,2,1,3,693,1,1885.98,77000
693,1,1,3,3,27106,14,72,2,2,1,3,2,2,981,1,4328.96,114000
694,1,1,3,9,13943,6,67,3,2,1,2,2,1,299,1,4942.44,93000
695,1,1,4,8,90959,4,76,1,2,1,3,2,3,262,0,2315.13,96000
696,1,3,1,4,73292,1,16,2,1,1,1,1,6,178,0,1621.92,19000
697,2,2,1,10,41547,2,86,1,2,3,2,2,2,907,0,1950.13,100000
698,1,1,2,3,9462,9,71,1,2,1,3,1,3,979,1,4115.79,98000
699,1,2,2,1,44040,10,94,1,1,1,2,2,2,845,1,2339.62,124000
700,1,3,4,1,83097,8,25,2,1,1,3,1,3,741,1,4557.87,49000
701,1,1,3,9,52695,2,37,2,2,3,2,1,1,864,1,3138.81,51000
702,1,3,2,2,55955,13,28,2,2,2,3,2,4,233,1,4517.78,67000
703,1,2,4,7,19646,14,22,1,2,1,3,1,1,817,0,322.51,72000
704,2,2,2,2,16630,1,85,2,1,1,3,2,4,792,0,4305.9,88000
705,1,2,4,5,99701,7,24,1,1,1,2,2,5,696,1,3884.41,45000
706,2,1,1,2,22733,4,70,3,2,3,2,1,6,784,1,4779.67,82000
707,2,1,5,8,88527,6,94,1,3,3,3,2,1,726,0,3088.44,120000
708,1,1,4,10,35098,13,57,3,1,1,2,1,5,123,0,804.91,104000
709,2,2,4,7,54745,9,7,1,1,3,3,2,4,603,1,123.04,42000
710,2,1,5,7,99060,14,50,3,2,3,2,2,1,328,0,2907.27,100000
711,1,2,4,9,22376,8,68,3,1,1,2,2,5,194,1,1100.48,100000
712,1,2,2,2,9032,15,66,1,2,3,2,2,4,841,0,539.59,111000
713,1,3,5,2,4065,2,81,3,2,3,3,1,6,469,1,4708.16,87000
714,2,3,5,1,83538,8,54,1,2,2,2,1,4,180,1,1288.13,78000
715,1,3,3,5,96674,7,84,1,3,3,2,2,3,847,0,140.02,105000
716,1,1,3,9,2173,12,40,3,3,1,3,2,5,996,1,3050.83,84000
717,2,2,3,9,29069,13,33,2,1,2,3,1,3,511,1,1524.47,80000
718,2,3,4,4,73837,15,53,3,3,1,1,2,5,954,0,4383.24,98000
719,1,3,5,9,45918,13,56,2,3,1,2,2,3,580,1,4290.37,103000
720,1,1,4,1,7828,15,59,2,1,1,3,2,6,699,1,3416.98,104000
721,2,3,5,5,76522,6,40,1,1,1,1,1,5,921,1,3648.94,58000
722,1,1,1,6,70493,15,74,3,3,3,2,1,6,158,1,740.78,127000
723,1,2,3,7,9524,14,27,1,3,1,2,1,5,657,0,915.78,77000
724,2,2,4,1,94645,6,50,1,2,3,1,1,1,585,1,370.52,68000
725,1,2,1,7,11547,1,40,1,3,2,1,1,2,347,1,2802.4,51000
726,1,1,3,7,98025,14,35,3,1,3,1,2,3,298,1,1739.14,85000
727,2,1,4,4,25436,3,42,3,3,2,3,1,5,207,0,3372.16,51000
728,1,1,4,2,55791,1,52,3,1,3,1,1,2,102,0,294.19,55000
729,2,2,4,10,52360,3,48,3,2,2,1,2,5,353,0,1386.72,65000
730,1,3,5,2,89504,4,39,2,2,3,2,2,3,567,0,564.64,51000
731,2,3,5,2,94175,9,69,3,2,1,1,1,4,926,1,3351.04,96000
732,2,2,5,7,51230,9,65,2,2,1,3,1,3,158,0,766.93,100000
733,1,2,2,7,5395,13,7,1,3,3,3,2,3,570,0,1483.8,54000
734,2,2,2,1,61871,5,48,1,2,2,1,1,6,600,0,2125.82,63000
735,1,2,1,6,99528,9,95,3,3,3,2,2,5,407,1,921.73,130000
736,2,1,5,3,12101,9,49,3,1,3,1,1,6,785,1,3285.19,76000
737,1,2,1,4,42217,14,41,2,2,2,1,1,5,739,1,1718.94,83000
738,1,1,5,2,40352,5,43,3,3,2,2,1,3,260,1,2343.99,58000
739,2,3,2,8,59635,9,47,3,1,1,1,2,1,117,1,4402.76,82000
740,1,2,4,2,21029,13,58,2,3,1,2,1,5,649,1,2684.63,97000
741,2,3,1,4,21737,13,39,2,1,2,1,1,6,588,0,3760.48,78000
742,1,3,3,9,74680,6,73,2,2,1,1,2,4,761,1,2388.25,99000
743,1,3,2,4,62539,14,39,2,3,2,2,1,1,641,1,1235.88,81000
744,2,2,2,6,14068,8,43,2,2,3,3,2,2,178,1,408.95,75000
745,2,1,1,1,68138,12,35,2,1,3,2,1,5,966,0,1225.3,71000
746,1,1,4,6,38614,1,49,2,3,2,2,2,6,841,0,752.48,60000
747,2,3,1,7,50906,11,99,1,3,2,2,2,5,629,1,1679.16,140000
748,1,3,2,3,2586,1,29,2,1,1,1,2,6,982,0,887.24,32000
749,1,3,1,8,44881,13,48,3,3,1,3,2,4,524,0,1082.05,95000
750,2,2,3,8,25962,8,16,1,1,3,1,1,6,400,0,3631.0,48000
751,2,2,4,4,57716,3,91,1,2,1,2,2,4,359,0,1897.33,100000
752,2,2,3,8,82907,3,94,1,3,2,2,2,6,442,1,1068.53,111000
753,2,2,1,6,66848,13,88,3,2,3,2,2,3,850,0,3004.54,135000
754,2,3,2,7,97051,6,37,2,3,2,1,2,5,663,0,1060.12,63000
755,1,2,3,5,73467,13,92,2,2,2,2,1,4,763,0,4718.54,131000
756,2,2,4,8,22230,15,67,2,2,2,2,1,5,186,0,2043.94,120000
757,1,2,1,2,79284,9,19,1,1,1,3,2,4,933,1,4389.48,46000
758,2,3,5,6,50357,12,64,3,2,2,3,1,2,562,0,2852.99,108000
759,2,1,4,9,30236,2,61,2,3,1,3,2,4,911,1,2260.07,75000
760,1,2,3,10,60464,9,42,2,2,3,2,2,5,716,0,2139.34,77000
761,2,1,5,1,97574,11,91,1,2,1,2,2,5,813,0,2194.9,124000
762,2,2,4,7,14936,5,86,3,3,3,1,1,2,727,1,4429.53,109000
763,2,1,3,3,6386,9,34,3,2,1,3,1,4,732,0,2702.83,61000
764,2,1,3,6,79970,5,65,1,3,1,1,2,3,693,0,3346.91,88000
765,1,1,4,2,72584,4,34,1,2,1,3,2,2,866,1,4147.64,46000
766,1,1,1,4,4067,10,40,1,3,1,2,1,2,354,0,573.17,70000
767,1,2,1,3,86547,8,8,2,1,3,3,1,4,647,0,2710.67,32000
768,1,2,1,2,80270,15,75,3,1,2,3,1,5,514,0,1550.12,120000
769,1,3,3,6,32552,1,80,2,3,2,3,2,2,495,0,4997.48,91000
770,2,3,4,6,18788,13,90,3,1,3,1,1,3,817,1,546.78,137000
771,2,2,5,2,7139,12,27,1,2,1,3,1,6,278,1,4038.56,63000
772,2,1,2,3,84719,3,1,1,1,2,2,1,4,200,1,3859.53,10000
773,2,2,1,7,39222,15,66,3,2,2,3,1,3,264,0,4625.85,119000
774,2,3,5,5,85760,8,35,3,1,1,2,1,5,146,0,625.65,59000
775,2,3,4,10,74585,8,94,1,2,2,1,2,3,451,0,2908.09,126000
776,1,2,4,10,79320,10,91,2,2,3,3,1,4,702,0,2375.99,129000
777,1,2,1,7,79331,9,31,1,2,3,1,1,2,619,1,4672.91,66000
778,1,1,4,6,3355,4,35,1,1,2,3,2,6,910,1,3672.82,55000
779,2,1,5,2,19255,1,99,1,2,3,2,2,5,105,1,1328.43,102000
780,2,3,4,10,95491,7,2,2,3,2,3,1,1,819,1,1437.29,31000
781,2,3,4,2,6954,9,14,1,1,2,3,1,3,316,0,266.66,41000
782,2,3,3,3,44512,2,94,1,3,2,2,2,6,537,0,3864.6,100000
783,1,3,1,5,46002,14,49,3,3,1,2,2,5,191,1,4159.51,91000
784,1,1,3,4,32623,15,97,1,1,2,1,2,1,227,1,121.15,142000
785,2,2,1,4,71501,9,43,2,3,1,2,2,1,821,1,2771.58,70000
786,1,2,3,1,33312,13,79,3,3,2,2,1,3,790,1,2707.51,118000
787,2,1,5,4,60111,6,95,3,2,1,1,2,6,820,0,2629.34,113000
788,1,3,1,2,6901,5,92,1,1,3,1,2,5,154,1,2814.51,107000
789,2,3,4,6,88617,10,76,2,3,1,3,1,1,104,0,2531.45,114000
790,2,1,4,9,12803,3,94,2,2,3,1,2,4,294,0,2155.37,111000
791,2,2,1,9,55190,15,100,2,1,3,3,2,4,228,0,4785.24,153000
792,1,1,5,1,91929,5,37,1,2,2,1,1,5,402,0,3651.7,52000
793,2,1,3,2,5576,1,3,2,2,1,2,1,3,607,0,3224.13,6000
794,1,1,2,9,15866,4,61,3,2,1,3,1,5,992,1,3492.54,81000
795,1,3,5,9,76002,13,96,2,2,2,3,2,2,450,1,2234.57,143000
796,2,2,5,10,6213,6,61,3,2,1,1,1,1,136,1,1847.88,87000
797,1,3,3,9,92706,9,78,2,2,3,2,2,5,520,0,1238.42,113000
798,1,2,3,2,6655,6,79,3,3,1,2,1,6,510,0,1313.15,97000
799,2,1,2,4,23006,12,91,1,3,2,1,2,3,260,0,2515.66,127000
800,1,1,3,7,34403,7,48,1,3,3,2,2,4,203,0,4930.48,77000
801,1,3,4,2,51685,8,67,2,2,3,2,1,2,325,0,3694.92,91000
802,1,2,3,10,32804,8,76,1,2,1,2,1,2,956,1,3260.23,108000
803,2,3,3,8,23116,6,73,2,2,3,3,1,2,636,1,1779.73,99000
804,1,2,4,5,80432,2,54,1,3,1,2,1,6,618,0,3343.98,60000
805,2,2,4,2,79109,2,14,2,1,3,2,1,5,607,1,1268.46,20000
806,1,1,2,7,63467,10,35,3,2,3,3,2,2,143,0,220.65,73000
807,2,2,4,5,66000,14,68,2,2,1,1,1,1,955,0,3789.78,110000
808,1,1,2,8,51953,1,56,1,1,3,3,1,3,562,1,1785.9,67000
809,2,2,3,8,45618,9,70,1,2,3,3,2,6,337,0,3042.27,105000
810,1,2,1,1,33570,14,15,2,2,2,3,1,3,582,1,1397.6,57000
811,2,2,4,8,41976,3,44,1,1,2,2,1,1,989,1,288.52,61000
812,1,1,3,6,87826,5,52,1,2,2,3,2,1,824,0,2805.17,75000
813,1,1,4,3,39452,6,11,3,2,3,3,1,1,706,0,4682.71,29000
814,2,2,3,8,27814,5,100,1,1,1,1,2,5,832,0,3408.27,123000
815,1,3,3,7,70781,8,43,2,1,1,3,1,2,964,0,2739.64,75000
816,1,1,3,3,47641,3,82,3,1,3,2,1,6,781,1,3816.56,91000
817,2,1,4,2,68875,1,12,2,2,1,3,2,3,640,0,2479.45,15000
818,2,3,1,8,45033,7,1,2,3,3,1,1,6,282,0,2568.6,30000
819,2,3,2,10,52772,3,14,2,1,2,1,1,3,321,1,937.77,31000
820,1,3,5,2,41861,5,18,2,2,2,3,2,2,100,1,945.27,33000
821,1,1,1,4,24792,2,45,2,1,1,1,1,2,155,1,3624.49,51000
822,1,3,3,4,84931,6,17,1,2,1,3,1,6,401,1,3064.87,35000
823,1,2,4,10,42050,2,74,3,1,1,3,1,6,801,0,4358.77,88000
824,2,3,5,3,43104,13,72,2,3,1,3,2,2,237,1,433.56,111000
825,1,2,2,4,5317,3,57,3,3,3,2,2,3,449,1,794.29,66000
826,2,3,4,10,57334,10,66,3,1,3,3,2,5,192,0,3425.03,104000
827,2,3,3,8,23141,8,27,2,1,1,1,2,3,717,1,3832.44,59000
828,2,2,4,7,5799,14,40,1,2,3,3,1,1,498,1,4890.82,90000
829,1,3,4,8,17276,5,35,1,2,3,2,1,2,808,0,4292.91,58000
830,2,3,3,9,16818,10,88,1,1,1,2,2,3,224,1,1233.21,126000
831,1,2,5,1,71749,9,70,3,2,1,3,1,1,170,1,1353.59,97000
832,2,2,5,7,42908,15,54,1,2,1,1,2,6,873,1,1054.82,107000
833,2,3,5,3,60628,5,12,3,1,3,3,2,3,684,1,1696.64,27000
834,1,1,1,6,63640,8,48,1,2,1,2,1,6,978,1,4579.97,80000
835,1,3,5,7,10679,2,29,1,1,2,1,1,4,347,0,2150.4,43000
836,1,3,5,10,67414,2,6,3,2,1,2,2,5,202,0,4443.25,20000
837,1,1,2,8,93794,11,77,2,2,2,3,2,6,770,0,2116.95,118000
838,2,3,1,5,73022,8,53,1,1,2,3,1,4,732,0,3689.98,77000
839,1,3,1,10,1265,11,68,1,2,3,2,2,6,364,0,4945.43,109000
840,1,2,4,9,24028,3,7,1,1,1,3,2,5,834,1,4565.62,24000
841,1,1,4,4,89630,12,3,2,3,1,3,1,4,523,0,1571.82,39000
842,1,1,1,4,21739,1,98,3,3,1,1,1,5,123,1,2504.45,101000
843,1,2,3,7,10701,5,59,2,1,2,2,2,5,992,1,3611.4,82000
844,2,2,2,7,9252,12,94,1,3,2,1,1,1,472,1,122.46,138000
845,1,3,2,5,5000,1,7,3,1,2,2,1,5,657,1,337.69,10000
846,1,1,2,9,57419,13,1,2,3,2,3,1,5,191,0,3207.46,48000
847,1,2,1,8,66135,15,73,1,2,1,1,1,1,315,1,1711.13,126000
848,2,2,2,6,95891,9,31,1,3,3,3,2,6,349,1,1108.81,66000
849,2,2,5,5,95991,15,90,1,1,2,1,1,2,799,0,3507.76,135000
850,1,3,3,2,78258,5,21,2,3,3,3,1,2,252,1,3002.99,36000
851,2,3,2,8,57580,12,75,1,3,1,2,2,5,179,0,1033.69,119000
852,2,1,3,10,98975,4,2,1,3,1,2,2,1,373,1,3810.26,22000
853,1,1,4,8,27243,7,6,2,1,3,2,2,4,198,1,448.43,35000
854,2,3,2,5,7649,7,91,3,2,2,2,2,1,459,1,4085.54,112000
855,1,1,5,1,60769,10,9,1,1,1,1,1,6,635,1,2357.22,39000
856,1,1,3,10,79300,11,84,2,3,1,2,1,5,114,1,3527.98,125000
857,1,2,5,7,57767,14,13,2,1,1,2,1,4,423,0,2762.86,63000
858,2,2,4,7,36083,3,95,2,1,2,1,1,5,469,0,1983.31,112000
859,2,3,3,4,59635,4,76,3,2,2,3,1,2,792,0,2176.37,88000
860,1,1,2,2,43728,14,38,1,3,1,2,1,2,381,0,859.82,80000
861,2,3,4,1,56396,5,56,3,2,1,3,1,3,929,1,4407.08,71000
862,2,2,1,5,59420,5,52,1,2,2,1,1,3,944,1,3841.39,67000
863,2,1,1,6,33354,12,42,3,2,1,3,2,4,612,1,3364.73,86000
864,2,3,2,2,64802,1,16,3,3,3,2,2,3,474,1,2460.85,19000
865,2,1,2,8,86144,12,70,2,3,1,2,1,6,472,0,271.19,114000
866,1,3,4,8,96045,8,31,1,2,2,1,2,4,696,1,4022.13,63000
867,2,1,1,9,38052,1,65,1,2,3,1,1,4,157,0,3762.42,76000
868,2,1,4,9,4526,13,8,2,2,2,2,2,3,655,0,3824.69,55000
869,2,1,2,10,99742,2,13,2,2,3,3,1,5,108,1,3667.73,27000
870,2,3,5,4,76148,4,46,3,3,2,2,1,5,675,1,1645.8,58000
871,2,2,1,10,65486,9,4,3,2,2,3,2,5,384,0,2584.49,39000
872,1,3,1,2,83078,5,99,1,1,2,1,1,2,400,0,4637.27,114000
873,1,2,1,7,94784,8,60,1,2,3,3,2,1,473,1,3433.28,92000
874,1,3,5,6,63950,12,35,1,3,3,2,1,1,428,0,1378.51,79000
875,2,3,4,9,35821,3,31,1,1,1,1,1,3,592,1,2359.73,48000
876,2,1,2,6,63991,13,65,1,1,2,3,2,6,779,0,1763.99,112000
877,1,1,5,2,87686,5,91,2,2,3,2,1,2,929,1,3129.53,106000
878,1,3,2,4,15840,12,66,3,1,1,2,2,3,447,1,4494.79,102000
879,2,2,4,1,18902,14,12,2,2,1,2,2,1,671,1,2199.21,54000
880,2,3,3,2,14880,13,73,1,2,1,3,2,5,495,0,1193.1,112000
881,1,3,2,7,51858,5,32,3,3,3,3,1,2,532,0,1812.77,55000
882,1,3,3,7,45269,8,62,3,3,1,3,2,5,797,1,1682.01,94000
883,1,2,2,5,36660,3,26,3,3,2,3,2,4,227,1,4486.5,35000
884,2,1,4,3,70224,7,10,1,3,2,3,2,2,107,0,3544.78,31000
885,2,2,1,3,54569,2,84,3,2,3,2,1,3,987,1,1155.02,90000
886,1,2,2,4,96916,9,88,3,3,1,2,2,3,340,1,4305.07,115000
887,2,1,2,2,97384,6,45,1,1,2,1,1,2,373,0,4122.74,63000
888,2,3,5,7,24776,1,25,1,1,3,3,2,5,179,0,1385.88,36000
889,1,3,4,2,13543,5,65,3,1,2,1,1,6,389,0,2117.91,80000
890,2,3,5,2,13565,8,73,2,1,3,1,1,3,257,1,2160.84,97000
891,2,3,2,1,81119,10,36,1,3,3,3,2,2,390,1,4958.6,66000
892,2,3,1,4,39486,5,18,2,2,2,1,2,1,608,1,2697.35,33000
893,2,3,5,4,61865,10,89,1,1,1,1,1,3,653,0,2439.98,119000
894,1,3,5,4,16198,14,68,2,1,1,2,2,6,861,0,3536.11,110000
895,1,2,4,10,75866,14,20,3,2,1,1,2,2,651,0,3025.91,70000
896,1,2,2,3,58923,10,33,1,1,2,3,2,5,989,1,609.4,63000
897,2,2,2,6,91373,9,31,1,2,2,1,1,1,550,1,2486.6,66000
898,2,1,2,2,82570,11,17,3,2,2,2,2,5,340,0,3539.9,50000
899,1,1,1,2,62282,13,39,1,3,1,1,2,3,101,1,3813.73,78000
900,1,2,5,9,17089,9,22,3,1,2,1,2,5,406,0,2501.67,57000
901,2,3,3,6,72834,12,64,2,2,1,3,2,4,336,1,2190.49,108000
902,1,2,2,10,62527,3,48,1,3,3,3,1,5,164,1,3846.44,65000
903,1,2,3,4,63762,8,75,2,1,1,1,2,5,501,1,256.64,99000
904,1,1,1,6,64527,12,6,1,3,1,1,2,3,645,0,2938.01,50000
905,2,1,3,2,20375,12,81,3,3,3,2,2,1,833,0,1223.8,117000
906,2,3,5,8,43536,15,74,2,3,2,2,2,3,842,0,4543.96,127000
907,1,3,4,6,79786,7,83,3,3,1,2,1,3,349,1,3173.94,112000
908,1,1,3,4,77671,2,62,2,3,2,2,2,3,469,0,4542.14,68000
909,1,1,5,1,40675,5,46,3,1,3,1,1,1,212,1,2811.31,61000
910,1,3,1,7,67068,14,75,2,1,3,3,2,3,512,0,3935.13,125000
911,2,3,5,10,33753,2,82,2,3,1,2,1,4,651,1,211.05,96000
912,1,2,3,7,95218,10,38,3,3,3,1,1,5,649,0,4525.93,76000
913,2,3,5,9,17114,6,40,1,2,1,2,1,3,141,1,1410.31,66000
914,2,2,4,2,10550,3,78,2,3,1,1,1,4,287,0,2744.02,87000
915,1,2,3,3,98694,12,96,2,1,3,3,2,1,184,0,1480.23,132000
916,1,3,4,10,68944,1,97,1,3,2,3,1,4,515,0,2280.58,108000
917,1,2,4,6,88810,1,68,3,3,1,1,2,4,860,1,4897.4,79000
918,1,1,4,8,14776,5,92,3,3,1,2,2,4,822,1,227.9,115000
919,2,3,3,2,23149,12,34,1,1,1,3,2,6,126,0,3539.63,70000
920,1,1,3,4,36076,15,85,3,1,1,2,1,4,390,0,1203.12,130000
921,2,2,5,4,1130,4,29,2,2,3,3,1,3,854,1,2341.64,41000
922,1,3,3,3,40879,15,14,2,3,2,3,2,5,784,0,3619.77,59000
923,1,2,5,5,77332,7,25,2,3,3,3,2,5,465,0,1053.71,46000
924,1,2,5,3,73520,5,78,1,3,2,3,2,2,820,1,1665.67,93000
925,2,3,3,7,73451,6,99,1,2,2,1,2,6,889,1,4624.82,125000
926,2,2,3,5,90502,11,45,1,1,3,2,1,3,561,1,3505.17,78000
927,2,2,5,2,83847,7,33,2,3,1,3,1,3,944,1,3207.44,54000
928,1,3,4,4,33880,10,97,1,3,1,2,2,1,666,1,4560.61,127000
929,2,1,3,7,93797,13,8,3,3,3,2,2,2,779,1,1993.86,55000
930,1,1,4,4,81338,6,3,3,1,1,1,1,3,464,1,1227.56,21000
931,1,1,2,6,33768,9,3,1,1,1,1,1,2,550,0,1147.27,38000
932,1,2,1,10,95809,2,100,3,3,3,3,1,5,940,1,3326.15,114000
933,2,2,4,1,82988,1,77,1,3,2,1,1,6,181,1,4274.49,80000
934,2,1,3,1,88012,10,7,1,2,1,3,1,3,750,1,520.68,37000
935,1,3,5,3,37698,1,18,1,3,1,1,1,5,954,1,3016.51,21000
936,2,2,1,5,99270,5,97,1,3,3,1,1,6,868,0,4180.18,112000
937,1,3,1,6,41147,8,22,1,3,2,3,1,4,425,0,4900.33,54000
938,1,3,4,1,65409,12,90,2,1,3,2,1,3,752,1,3648.95,126000
939,2,2,2,3,84186,8,58,2,1,1,3,1,5,330,1,3418.63,82000
940,1,2,4,5,28940,10,21,1,1,2,3,1,6,517,1,4008.27,51000
941,2,2,3,2,41597,12,15,2,3,2,1,2,6,312,1,4980.56,51000
942,1,3,2,5,99086,6,29,2,1,2,3,2,4,342,1,3051.46,47000
943,1,2,2,10,17994,14,3,3,3,1,1,1,4,981,1,1350.16,53000
944,1,3,1,10,26770,5,1,2,3,3,1,1,1,600,0,1388.99,24000
945,1,1,4,6,52881,5,53,1,1,3,2,2,6,936,1,1426.22,76000
946,1,1,3,6,29894,13,19,1,2,2,2,2,3,695,0,231.83,66000
947,1,3,4,1,21744,7,90,2,2,2,3,2,3,949,1,2203.15,111000
948,1,1,4,6,26521,11,82,3,2,2,3,2,3,950,0,3636.57,123000
949,2,3,3,4,55626,8,75,3,2,1,3,2,5,613,1,2336.23,99000
950,2,2,2,4,56128,10,39,2,1,2,1,2,2,900,1,2892.34,69000
951,1,3,4,3,5680,13,90,1,1,1,3,2,3,676,0,170.61,129000
952,2,3,5,3,52227,8,17,1,1,3,3,1,6,609,1,276.27,41000
953,2,1,3,3,16156,8,60,3,2,3,3,2,1,612,0,305.76,84000
954,1,1,2,4,59116,10,70,3,1,1,3,2,3,189,1,3746.22,100000
955,2,2,1,1,42792,4,11,1,2,1,1,2,1,212,0,4127.22,23000
956,1,1,3,10,21443,6,88,1,1,1,2,1,6,884,1,841.2,114000
957,1,1,4,8,17504,5,14,1,1,1,3,1,5,183,1,1969.72,37000
958,1,1,2,10,21283,12,72,1,1,3,2,2,6,806,0,2455.83,116000
959,2,3,5,1,97773,14,4,1,1,1,1,2,6,944,0,4782.01,46000
960,2,2,4,5,12273,14,16,1,1,2,3,1,6,300,1,3813.48,58000
961,2,3,2,8,14007,14,32,3,1,1,3,2,1,441,0,1754.62,82000
962,2,2,4,4,99225,2,35,3,3,2,2,1,3,629,1,3963.61,41000
963,1,3,2,5,68211,2,56,1,2,1,1,1,4,631,1,3325.24,62000
964,1,2,5,2,98655,2,15,2,3,3,2,1,2,216,1,2470.08,21000
965,1,2,4,9,74200,3,23,3,1,3,1,2,1,935,1,1286.2,40000
966,1,1,1,9,92818,14,4,2,3,3,3,1,1,705,0,1238.88,54000
967,2,3,2,6,28650,8,34,1,2,3,3,1,4,613,0,4721.94,66000
968,1,2,1,9,62173,11,95,3,1,1,1,2,5,294,1,3953.57,136000
969,1,2,4,3,65933,1,75,3,1,1,3,1,3,471,0,2284.45,78000
970,1,3,3,7,95882,14,96,3,1,3,2,2,4,163,1,301.46,146000
971,1,3,1,3,41188,7,4,2,3,2,1,2,1,260,0,3285.91,25000
972,1,3,5,2,11042,15,85,2,2,2,3,2,5,790,1,4611.45,130000
973,2,1,1,7,52614,12,37,3,2,1,2,1,6,849,1,1287.57,81000
974,1,1,3,6,80303,13,66,3,3,3,3,1,4,454,1,3737.38,113000
975,1,3,3,2,14966,15,82,1,3,1,2,2,1,976,1,560.79,127000
976,1,1,2,5,47399,6,57,3,1,2,3,2,2,778,1,4251.55,75000
977,1,3,1,7,70114,7,46,2,1,3,1,1,3,449,1,4108.99,75000
978,1,2,5,2,85925,11,70,3,3,3,2,1,6,929,0,1317.55,103000
979,2,3,3,7,62417,15,79,2,2,1,2,2,5,344,1,4660.17,132000
980,2,3,4,2,87475,6,62,1,3,2,2,2,4,485,0,1249.42,80000
981,1,2,1,4,99118,10,86,1,3,2,2,2,6,477,1,4444.14,116000
982,2,2,1,1,33030,11,64,2,3,3,1,1,4,826,0,260.33,97000
983,1,3,5,2,5394,10,68,2,2,3,3,1,6,734,1,3428.72,98000
984,2,2,1,1,4433,10,89,2,2,3,1,2,6,761,1,3744.56,119000
985,1,3,5,10,52771,13,27,3,1,3,1,1,6,447,1,3341.71,74000
986,2,1,4,6,42597,12,57,1,2,3,2,2,3,850,1,103.22,101000
987,2,2,5,10,73616,13,92,1,1,2,3,2,5,800,1,3259.5,139000
988,2,1,5,5,46159,8,26,1,2,1,1,2,6,346,0,3377.74,50000
989,2,1,1,7,89734,8,22,3,1,1,1,1,5,983,0,2898.27,54000
990,1,3,4,4,49547,1,22,1,1,3,1,1,1,835,0,279.8,25000
991,1,3,1,9,96470,13,81,1,3,1,3,1,5,669,0,3695.91,128000
992,2,3,2,6,99266,4,75,2,3,2,3,2,5,445,1,4949.14,95000
993,1,2,4,8,26726,6,67,3,2,2,2,2,2,804,0,660.18,93000
994,2,2,4,9,1866,5,35,1,2,3,2,2,2,827,1,459.1,58000
995,2,2,2,10,78630,2,97,1,2,3,3,1,1,351,0,859.05,111000
996,2,2,4,10,83057,14,25,2,3,1,2,1,3,449,1,119.98,75000
997,2,3,3,10,63455,6,42,1,3,3,1,1,2,365,1,3393.13,68000
998,1,1,4,6,63092,9,41,3,1,1,2,2,1,761,0,3663.42,76000
999,2,2,3,9,60336,3,15,3,1,2,3,2,2,288,0,2044.36,32000
1000,1,2,3,2,32948,10,65,2,3,2,3,1,2,966,0,833.24,95000
